index,star_name,star_name_2,ra,dec,mag_v,mag_i,mag_j,mag_h,mag_k,star_distance,star_distance_error_min,star_distance_error_max,star_metallicity,star_metallicity_error_min,star_metallicity_error_max,star_mass,star_mass_error_min,star_mass_error_max,star_radius,star_radius_error_min,star_radius_error_max,star_sp_type,star_age,star_age_error_min,star_age_error_max,star_teff,star_teff_error_min,star_teff_error_max,star_detected_disc,star_magnetic_field,star_alternate_names,name_a,planet_status_a,mass_a,mass_error_min_a,mass_error_max_a,mass_sini_a,mass_sini_error_min_a,mass_sini_error_max_a,radius_a,radius_error_min_a,radius_error_max_a,orbital_period_a,orbital_period_error_min_a,orbital_period_error_max_a,semi_major_axis_a,semi_major_axis_error_min_a,semi_major_axis_error_max_a,eccentricity_a,eccentricity_error_min_a,eccentricity_error_max_a,inclination_a,inclination_error_min_a,inclination_error_max_a,angular_distance_a,discovered_a,updated_a,omega_a,omega_error_min_a,omega_error_max_a,tperi_a,tperi_error_min_a,tperi_error_max_a,tconj_a,tconj_error_min_a,tconj_error_max_a,tzero_tr_a,tzero_tr_error_min_a,tzero_tr_error_max_a,tzero_tr_sec_a,tzero_tr_sec_error_min_a,tzero_tr_sec_error_max_a,lambda_angle_a,lambda_angle_error_min_a,lambda_angle_error_max_a,impact_parameter_a,impact_parameter_error_min_a,impact_parameter_error_max_a,tzero_vr_a,tzero_vr_error_min_a,tzero_vr_error_max_a,k_a,k_error_min_a,k_error_max_a,temp_calculated_a,temp_calculated_error_min_a,temp_calculated_error_max_a,temp_measured_a,hot_point_lon_a,geometric_albedo_a,geometric_albedo_error_min_a,geometric_albedo_error_max_a,log_g_a,publication_a,detection_type_a,mass_detection_type_a,radius_detection_type_a,alternate_names_a,molecules_a,name_b,planet_status_b,mass_b,mass_error_min_b,mass_error_max_b,mass_sini_b,mass_sini_error_min_b,mass_sini_error_max_b,radius_b,radius_error_min_b,radius_error_max_b,orbital_period_b,orbital_period_error_min_b,orbital_period_error_max_b,semi_major_axis_b,semi_major_axis_error_min_b,semi_major_axis_error_max_b,eccentricity_b,eccentricity_error_min_b,eccentricity_error_max_b,inclination_b,inclination_error_min_b,inclination_error_max_b,angular_distance_b,discovered_b,updated_b,omega_b,omega_error_min_b,omega_error_max_b,tperi_b,tperi_error_min_b,tperi_error_max_b,tconj_b,tconj_error_min_b,tconj_error_max_b,tzero_tr_b,tzero_tr_error_min_b,tzero_tr_error_max_b,tzero_tr_sec_b,tzero_tr_sec_error_min_b,tzero_tr_sec_error_max_b,lambda_angle_b,lambda_angle_error_min_b,lambda_angle_error_max_b,impact_parameter_b,impact_parameter_error_min_b,impact_parameter_error_max_b,tzero_vr_b,tzero_vr_error_min_b,tzero_vr_error_max_b,k_b,k_error_min_b,k_error_max_b,temp_calculated_b,temp_calculated_error_min_b,temp_calculated_error_max_b,temp_measured_b,hot_point_lon_b,geometric_albedo_b,geometric_albedo_error_min_b,geometric_albedo_error_max_b,log_g_b,publication_b,detection_type_b,mass_detection_type_b,radius_detection_type_b,alternate_names_b,molecules_b,name_c,planet_status_c,mass_c,mass_error_min_c,mass_error_max_c,mass_sini_c,mass_sini_error_min_c,mass_sini_error_max_c,radius_c,radius_error_min_c,radius_error_max_c,orbital_period_c,orbital_period_error_min_c,orbital_period_error_max_c,semi_major_axis_c,semi_major_axis_error_min_c,semi_major_axis_error_max_c,eccentricity_c,eccentricity_error_min_c,eccentricity_error_max_c,inclination_c,inclination_error_min_c,inclination_error_max_c,angular_distance_c,discovered_c,updated_c,omega_c,omega_error_min_c,omega_error_max_c,tperi_c,tperi_error_min_c,tperi_error_max_c,tconj_c,tconj_error_min_c,tconj_error_max_c,tzero_tr_c,tzero_tr_error_min_c,tzero_tr_error_max_c,tzero_tr_sec_c,tzero_tr_sec_error_min_c,tzero_tr_sec_error_max_c,lambda_angle_c,lambda_angle_error_min_c,lambda_angle_error_max_c,impact_parameter_c,impact_parameter_error_min_c,impact_parameter_error_max_c,tzero_vr_c,tzero_vr_error_min_c,tzero_vr_error_max_c,k_c,k_error_min_c,k_error_max_c,temp_calculated_c,temp_calculated_error_min_c,temp_calculated_error_max_c,temp_measured_c,hot_point_lon_c,geometric_albedo_c,geometric_albedo_error_min_c,geometric_albedo_error_max_c,log_g_c,publication_c,detection_type_c,mass_detection_type_c,radius_detection_type_c,alternate_names_c,molecules_c,name_d,planet_status_d,mass_d,mass_error_min_d,mass_error_max_d,mass_sini_d,mass_sini_error_min_d,mass_sini_error_max_d,radius_d,radius_error_min_d,radius_error_max_d,orbital_period_d,orbital_period_error_min_d,orbital_period_error_max_d,semi_major_axis_d,semi_major_axis_error_min_d,semi_major_axis_error_max_d,eccentricity_d,eccentricity_error_min_d,eccentricity_error_max_d,inclination_d,inclination_error_min_d,inclination_error_max_d,angular_distance_d,discovered_d,updated_d,omega_d,omega_error_min_d,omega_error_max_d,tperi_d,tperi_error_min_d,tperi_error_max_d,tconj_d,tconj_error_min_d,tconj_error_max_d,tzero_tr_d,tzero_tr_error_min_d,tzero_tr_error_max_d,tzero_tr_sec_d,tzero_tr_sec_error_min_d,tzero_tr_sec_error_max_d,lambda_angle_d,lambda_angle_error_min_d,lambda_angle_error_max_d,impact_parameter_d,impact_parameter_error_min_d,impact_parameter_error_max_d,tzero_vr_d,tzero_vr_error_min_d,tzero_vr_error_max_d,k_d,k_error_min_d,k_error_max_d,temp_calculated_d,temp_calculated_error_min_d,temp_calculated_error_max_d,temp_measured_d,hot_point_lon_d,geometric_albedo_d,geometric_albedo_error_min_d,geometric_albedo_error_max_d,log_g_d,publication_d,detection_type_d,mass_detection_type_d,radius_detection_type_d,alternate_names_d,molecules_d,name_e,planet_status_e,mass_e,mass_error_min_e,mass_error_max_e,mass_sini_e,mass_sini_error_min_e,mass_sini_error_max_e,radius_e,radius_error_min_e,radius_error_max_e,orbital_period_e,orbital_period_error_min_e,orbital_period_error_max_e,semi_major_axis_e,semi_major_axis_error_min_e,semi_major_axis_error_max_e,eccentricity_e,eccentricity_error_min_e,eccentricity_error_max_e,inclination_e,inclination_error_min_e,inclination_error_max_e,angular_distance_e,discovered_e,updated_e,omega_e,omega_error_min_e,omega_error_max_e,tperi_e,tperi_error_min_e,tperi_error_max_e,tconj_e,tconj_error_min_e,tconj_error_max_e,tzero_tr_e,tzero_tr_error_min_e,tzero_tr_error_max_e,tzero_tr_sec_e,tzero_tr_sec_error_min_e,tzero_tr_sec_error_max_e,lambda_angle_e,lambda_angle_error_min_e,lambda_angle_error_max_e,impact_parameter_e,impact_parameter_error_min_e,impact_parameter_error_max_e,tzero_vr_e,tzero_vr_error_min_e,tzero_vr_error_max_e,k_e,k_error_min_e,k_error_max_e,temp_calculated_e,temp_calculated_error_min_e,temp_calculated_error_max_e,temp_measured_e,hot_point_lon_e,geometric_albedo_e,geometric_albedo_error_min_e,geometric_albedo_error_max_e,log_g_e,publication_e,detection_type_e,mass_detection_type_e,radius_detection_type_e,alternate_names_e,molecules_e,name_f,planet_status_f,mass_f,mass_error_min_f,mass_error_max_f,mass_sini_f,mass_sini_error_min_f,mass_sini_error_max_f,radius_f,radius_error_min_f,radius_error_max_f,orbital_period_f,orbital_period_error_min_f,orbital_period_error_max_f,semi_major_axis_f,semi_major_axis_error_min_f,semi_major_axis_error_max_f,eccentricity_f,eccentricity_error_min_f,eccentricity_error_max_f,inclination_f,inclination_error_min_f,inclination_error_max_f,angular_distance_f,discovered_f,updated_f,omega_f,omega_error_min_f,omega_error_max_f,tperi_f,tperi_error_min_f,tperi_error_max_f,tconj_f,tconj_error_min_f,tconj_error_max_f,tzero_tr_f,tzero_tr_error_min_f,tzero_tr_error_max_f,tzero_tr_sec_f,tzero_tr_sec_error_min_f,tzero_tr_sec_error_max_f,lambda_angle_f,lambda_angle_error_min_f,lambda_angle_error_max_f,impact_parameter_f,impact_parameter_error_min_f,impact_parameter_error_max_f,tzero_vr_f,tzero_vr_error_min_f,tzero_vr_error_max_f,k_f,k_error_min_f,k_error_max_f,temp_calculated_f,temp_calculated_error_min_f,temp_calculated_error_max_f,temp_measured_f,hot_point_lon_f,geometric_albedo_f,geometric_albedo_error_min_f,geometric_albedo_error_max_f,log_g_f,publication_f,detection_type_f,mass_detection_type_f,radius_detection_type_f,alternate_names_f,molecules_f,name_g,planet_status_g,mass_g,mass_error_min_g,mass_error_max_g,mass_sini_g,mass_sini_error_min_g,mass_sini_error_max_g,radius_g,radius_error_min_g,radius_error_max_g,orbital_period_g,orbital_period_error_min_g,orbital_period_error_max_g,semi_major_axis_g,semi_major_axis_error_min_g,semi_major_axis_error_max_g,eccentricity_g,eccentricity_error_min_g,eccentricity_error_max_g,inclination_g,inclination_error_min_g,inclination_error_max_g,angular_distance_g,discovered_g,updated_g,omega_g,omega_error_min_g,omega_error_max_g,tperi_g,tperi_error_min_g,tperi_error_max_g,tconj_g,tconj_error_min_g,tconj_error_max_g,tzero_tr_g,tzero_tr_error_min_g,tzero_tr_error_max_g,tzero_tr_sec_g,tzero_tr_sec_error_min_g,tzero_tr_sec_error_max_g,lambda_angle_g,lambda_angle_error_min_g,lambda_angle_error_max_g,impact_parameter_g,impact_parameter_error_min_g,impact_parameter_error_max_g,tzero_vr_g,tzero_vr_error_min_g,tzero_vr_error_max_g,k_g,k_error_min_g,k_error_max_g,temp_calculated_g,temp_calculated_error_min_g,temp_calculated_error_max_g,temp_measured_g,hot_point_lon_g,geometric_albedo_g,geometric_albedo_error_min_g,geometric_albedo_error_max_g,log_g_g,publication_g,detection_type_g,mass_detection_type_g,radius_detection_type_g,alternate_names_g,molecules_g,name_h,planet_status_h,mass_h,mass_error_min_h,mass_error_max_h,mass_sini_h,mass_sini_error_min_h,mass_sini_error_max_h,radius_h,radius_error_min_h,radius_error_max_h,orbital_period_h,orbital_period_error_min_h,orbital_period_error_max_h,semi_major_axis_h,semi_major_axis_error_min_h,semi_major_axis_error_max_h,eccentricity_h,eccentricity_error_min_h,eccentricity_error_max_h,inclination_h,inclination_error_min_h,inclination_error_max_h,angular_distance_h,discovered_h,updated_h,omega_h,omega_error_min_h,omega_error_max_h,tperi_h,tperi_error_min_h,tperi_error_max_h,tconj_h,tconj_error_min_h,tconj_error_max_h,tzero_tr_h,tzero_tr_error_min_h,tzero_tr_error_max_h,tzero_tr_sec_h,tzero_tr_sec_error_min_h,tzero_tr_sec_error_max_h,lambda_angle_h,lambda_angle_error_min_h,lambda_angle_error_max_h,impact_parameter_h,impact_parameter_error_min_h,impact_parameter_error_max_h,tzero_vr_h,tzero_vr_error_min_h,tzero_vr_error_max_h,k_h,k_error_min_h,k_error_max_h,temp_calculated_h,temp_calculated_error_min_h,temp_calculated_error_max_h,temp_measured_h,hot_point_lon_h,geometric_albedo_h,geometric_albedo_error_min_h,geometric_albedo_error_max_h,log_g_h,publication_h,detection_type_h,mass_detection_type_h,radius_detection_type_h,alternate_names_h,molecules_h,interesting_fact,interesting_fact_fr
186,GJ 581,GJ_581,229.8583333,-7.7222222,10.55,,,,,6.21,0.1,0.1,-0.135,,,0.31,0.02,0.02,0.3,0.01,0.01,M2.5V,8.0,1.0,1.0,3498.0,56.0,56.0,Imaging,,GJ 581,GJ 581 b,Confirmed,0.05,,,0.05,,,,,,5.36865,9.0E-5,9.0E-5,0.041,,,0.031,0.014,0.014,,,,0.006602,2005,2016-02-23,251.0,26.0,26.0,2454753.95,0.39,0.39,,,,,,,,,,,,,,,,,,,,,,,,,,,,,,,Submitted to a professional journal,Radial Velocity,,,,,GJ 581 c,Confirmed,0.017,,,0.017,,,,,,12.9182,0.0022,0.0022,0.073,,,0.07,0.06,0.06,,,,0.011755,2007,2016-02-23,235.0,44.0,44.0,2454763.0,1.6,1.6,,,,,,,,,,,,,,,,,,,,,,,,,,,,,,,Published in a refereed paper,Radial Velocity,,,,,GJ 581 e,Confirmed,0.0061,,,0.0061,,,,,,3.14945,1.7E-4,1.7E-4,0.028,,,0.32,0.09,0.09,,,,0.004509,2009,2016-02-23,236.0,17.0,17.0,2454750.31,0.13,0.13,,,,,,,,,,,,,,,,,,,,,,,,,,,,,,,Submitted to a professional journal,Radial Velocity,,,,,,,,,,,,,,,,,,,,,,,,,,,,,,,,,,,,,,,,,,,,,,,,,,,,,,,,,,,,,,,,,,,,,,,,,,,,,,,,,,,,,,,,,,,,,,,,,,,,,,,,,,,,,,,,,,,,,,,,,,,,,,,,,,,,,,,,,,,,,,,,,,,,,,,,,,,,,,,,,,,,,,,,,,,,,,,,,,,,,,,,,,,,,,,,,,,,,,,,,,,,,,,,,,,0.0,,,,,,,,,,,,,,,,,,,,,,,,,,,,,,,,,,,,,,,,,,,,,,,,,,,,,,,,,,,,,,,,,,,,,,,,,,,,,,,,,,,,,,,,,,,,,,,,,,,,,,,,,,,,,,,,,,,,,,,,,,,,,,,,,,,,,,This faint star (red dwarf) is known since at least 1886 but the first planet around it has been discovered only in 2005.,"Cette étoile faible (naine rouge) est connue depuis au moins 1886, mais la première planète en orbite a été découverte en 2005."
189,GJ 667 C,GJ_667_C,259.7375,-34.9897222,10.22,,,,,6.84,0.4,0.4,-0.55,,,0.33,,,,,,M1.5V,2.0,,Infinity,3600.0,,,,,,GJ 667 C b,Confirmed,0.0176,0.0041,0.0044,0.0176,0.0041,0.0044,,,,7.2004,0.0017,0.0017,0.0505,0.0053,0.0044,0.13,0.11,0.1,,,,0.007368,2009,2016-02-23,5.7,360.0,360.0,2454443.1,0.6,0.6,,,,,,,,,,,,,,,,,,,,,,,,,,,,,,,Submitted to a professional journal,Radial Velocity,,,,,GJ 667 C c,Confirmed,0.012,0.0038,0.0047,0.012,0.0038,0.0047,,,,28.14,0.03,0.03,0.125,0.013,0.012,0.02,0.02,0.15,,,,0.018289,2011,2016-10-08,292.0,360.0,360.0,2454462.0,1.0,1.0,,,,,,,,,,,,,,,,,,,,,,,,,,,,,,,Submitted to a professional journal,Radial Velocity,,,,,GJ 667 C d,Confirmed,0.01604,0.00535,0.00566,0.01604,0.00535,0.00566,,,,91.61,0.89,0.81,0.276,0.03,0.024,0.03,0.03,0.2,,,,0.044371,2012,2016-02-23,40.11,360.0,360.0,2454499.0,1.0,1.0,,,,,,,,,,,,,,,,,,,,,,,,,,,,,,,Published in a refereed paper,Radial Velocity,,,,,GJ 667 C e,Confirmed,0.0085,0.0044,0.005,0.0085,0.0044,0.005,,,,62.24,0.55,0.55,0.213,0.02,0.02,0.02,0.02,0.004,,,,,2013,2016-02-23,28.65,360.0,360.0,,,,,,,,,,,,,,,,,,,,,,,,,,,,,,,,,,Published in a refereed paper,Radial Velocity,,,,,GJ 667 C f,Confirmed,0.0085,0.0038,0.0044,0.0085,0.0038,0.0044,,,,39.026,0.211,0.194,0.156,0.017,0.014,0.03,0.03,0.16,,,,,2013,2016-02-23,103.0,360.0,360.0,,,,,,,,,,,,,,,,,,,,,,,,,,,,,,,,,,Published in a refereed paper,Radial Velocity,,,,,GJ 667 C g,Confirmed,0.0145,0.0072,0.0082,0.0145,0.0072,0.0082,,,,256.2,7.9,13.8,0.549,0.058,0.052,0.08,0.08,0.41,,,,,2013,2016-02-23,51.56,360.0,360.0,,,,,,,,,,,,,,,,,,,,,,,,,,,,,,,,,,Published in a refereed paper,Radial Velocity,,,,,,,0.0,,,,,,,,,,,,,,,,,,,,,,,,,,,,,,,,,,,,,,,,,,,,,,,,,,,,,,,,,,,,,,,,,,,,,,,,,,,,,,,,,,,,,,,,,,,,,,,,,,,,,,,,,,,,,,,,,,,,,,,,,,,,,,,,,,,,,,Its planetary system has three planets within its habitable zone. Any additional planet within the habitable zone would have destabilized the system.,Ce système planétaire a trois planète dans sa zone habitable. Une seule autre planète supplémentaire dans la zone habitable aurait pu déstabiliser le système.
199,GJ 876,GJ_876,343.3041667,-14.2536111,10.17,,,,,4.7,0.01,0.01,0.05,0.2,0.2,0.334,0.03,0.03,0.36,,,M4 V,2.5,2.4,2.4,3350.0,300.0,300.0,,,,GJ 876 b,Confirmed,1.938,0.014,0.036,1.927,0.003,0.003,,,,61.03,3.81,3.81,0.208317,2.0E-5,2.0E-5,0.0,0.001,0.001,84.0,6.0,6.0,0.044323,2000,2016-02-23,116.7,1.1,1.1,,,,,,,,,,,,,,,,,,,,,,,,,,,,,,,,,,Published in a refereed paper,Radial Velocity,,,,,GJ 876 c,Confirmed,0.856,0.029,0.032,0.637,0.002,0.002,,,,30.23,0.19,0.19,0.12959,2.4E-5,2.4E-5,0.002,0.001,0.001,48.07,2.06,2.06,0.027572,2000,2016-02-23,225.2,5.0,5.0,,,,,,,,,,,,,,,,,,,,,,,,,,,,,,,,,,Published in a refereed paper,Radial Velocity,,,,,GJ 876 d,Confirmed,0.022,0.001,0.001,0.017,0.001,0.001,,,,1.94,0.01,0.01,0.02080665,1.5E-7,1.5E-7,0.081,0.04,0.04,50.0,,,0.004427,2005,2016-02-23,157.4,23.0,23.0,,,,,,,,,,,,,,,,,,,,,,,,,,,,,,,,,,Published in a refereed paper,Radial Velocity,,,,,GJ 876 e,Confirmed,0.045,0.001,0.001,0.039,0.001,0.001,,,,124.69,90.04,90.04,0.3343,0.0013,0.0013,0.073,0.048,0.048,59.5,,,0.071128,2010,2016-02-23,360.0,15.8,15.8,,,,,,,,,,,,,,,,,,,,,,,,,,,,,,,,,,Published in a refereed paper,Radial Velocity,,,,,,,,,,,,,,,,,,,,,,,,,,,,,,,,,,,,,,,,,,,,,,,,,,,,,,,,,,,,,,,,,,,,,,,,,,,,,,,,,,,,,,,,,,,,,,,,,,,,,,,,,,,,,,,,,,,,,,,,,,,,,,,,,,,,,,,,,,,,,,,0.0,,,,,,,,,,,,,,,,,,,,,,,,,,,,,,,,,,,,,,,,,,,,,,,,,,,,,,,,,,,,,,,,,,,,,,,,,,,,,,,,,,,,,,,,,,,,,,,,,,,,,,,,,,,,,,,,,,,,,,,,,,,,,,,,,,,,,,"This red dwarf hosts the fifth closest known planetary system (as of July 2018). Two of its planets are located in the habitable zone but they are believed to be similar to Jupiter (gas giants). ","Cette naine rouge abrite le cinquième plus proche système planétaire connu  (en Juillet 2018). Deux de ses planètes sont situées dans la zone habitable, mais ce sont des planètes gazeuses géantes semblables à Jupiter, ce qui ne les rendent pas propices à la vie."
200,GJ 9827,GJ_9827,352.104166695,-1.286388897,10.4,,,,,30.3,1.6,1.6,-0.28,0.12,0.12,0.659,0.06,0.06,0.651,0.065,0.065,K6V,,,,4255.0,110.0,110.0,,,,GJ 9827 b,Confirmed,0.0258,0.00481,0.00481,,,,0.146,0.0016,0.0016,1.2089819,1.3E-5,1.3E-5,0.0211,0.002,0.002,0.0,,,85.8,1.0,1.0,,2017,2017-11-07,,,,,,,,,,2457738.82671,4.7E-4,4.7E-4,,,,,,,0.57,0.013,0.013,,,,6.44,1.2,1.2,1043.5,36.0,36.0,,,,,,,Published in a refereed paper,Primary Transit,Radial Velocity,Primary Transit,,,GJ 9827 c,Confirmed,0.0079,0.0069,0.0069,,,,0.115,0.015,0.015,3.648086,1.0E-4,1.0E-4,0.044,0.003,0.003,,,,87.8,0.57,0.57,,2017,2017-11-07,,,,,,,,,,2457738.55194,0.0014,0.0014,,,,,,,0.53,0.14,0.14,,,,1.36,1.2,1.2,721.9,25.0,25.0,,,,,,,Published in a refereed paper,Primary Transit,Radial Velocity,Primary Transit,,,GJ 9827 d,Confirmed,0.012,0.0082,0.0082,,,,0.186,0.027,0.027,6.201472,1.3E-4,1.3E-4,0.0627,0.005,0.005,0.0,,,87.39,0.23,0.23,,2017,2017-11-07,,,,,,,,,,2457740.96099,8.5E-4,8.5E-4,,,,,,,0.91,0.09,0.09,,,,1.73,1.2,1.2,604.9,20.0,20.0,,,,,,,Published in a refereed paper,Primary Transit,Radial Velocity,Primary Transit,,,,,,,,,,,,,,,,,,,,,,,,,,,,,,,,,,,,,,,,,,,,,,,,,,,,,,,,,,,,,,,,,,,,,,,,,,,,,,,,,,,,,,,,,,,,,,,,,,,,,,,,,,,,,,,,,,,,,,,,,,,,,,,,,,,,,,,,,,,,,,,,,,,,,,,,,,,,,,,,,,,,,,,,,,,,,,,,,,,,,,,,,,,,,,,,,,,,,,,,,,,,,,,,,0.0,,,,,,,,,,,,,,,,,,,,,,,,,,,,,,,,,,,,,,,,,,,,,,,,,,,,,,,,,,,,,,,,,,,,,,,,,,,,,,,,,,,,,,,,,,,,,,,,,,,,,,,,,,,,,,,,,,,,,,,,,,,,,,,,,,,,,,The system is considered an excellent target for studying atmospherics of exoplanets.,Ce système est considéré comme une excellente cible pour l’étude des atmosphères des exoplanètes grâce à sa distance relativement proche de la Terre
612,HD 40307,HD_40307,88.5166667,-60.0233333,7.17,,5.41,4.97,4.79,12.8,1.0,1.0,-0.31,0.03,0.03,0.77,0.05,0.05,,,,K2.5V,,,,4977.0,59.0,59.0,IR Excess,,,HD 40307 b,Confirmed,0.012,9.4E-4,9.4E-4,0.012,9.4E-4,9.4E-4,,,,4.3115,2.7E-4,2.7E-4,0.0475,0.0011,0.0011,0.2,0.16,0.14,,,,0.003672,2008,2015-10-26,194.0,60.0,60.0,,,,,,,,,,,,,,,,,,,54562.77,0.08,0.08,1.79,0.13,0.13,,,,,,,,,,Published in a refereed paper,Radial Velocity,Radial Velocity,,,,HD 40307 c,Confirmed,0.0202,0.0014,0.0014,0.0202,0.0014,0.0014,,,,9.6207,0.0013,0.0013,0.0812,0.0018,0.0018,0.06,0.06,0.11,,,,0.006328,2008,2016-02-15,234.0,,,,,,,,,,,,,,,,,,,,,54551.53,0.15,0.15,2.31,0.13,0.13,,,,,,,,,,Published in a refereed paper,Radial Velocity,Radial Velocity,,,,HD 40307 d,Confirmed,0.0275,0.0018,0.0018,0.0275,0.0018,0.0018,,,,20.4184,0.0052,0.0052,0.134,0.0029,0.0029,0.07,0.07,0.11,,,,0.010469,2008,2015-11-13,17.0,,,,,,,,,,,,,,,,,,,,,54532.42,0.2,0.2,2.44,0.13,0.13,,,,,,,,,,Published in a refereed paper,Radial Velocity,Radial Velocity,,,,HD 40307 e,Confirmed,0.011,0.0044,0.0044,0.011,0.0044,0.0044,,,,34.62,0.21,0.21,0.1886,0.0104,0.0083,0.15,0.15,0.13,,,,,2012,2014-05-21,302.0,,,,,,,,,,,,,,,,,,,,,,,,,,,,,,,,,,,,Published in a refereed paper,Radial Velocity,,,,,HD 40307 f,Confirmed,0.0114,0.0019,0.0019,0.0114,0.0019,0.0019,,,,51.56,0.14,0.14,0.2485,0.0054,0.0054,0.02,0.02,0.2,,,,,2012,2015-10-26,354.0,,,,,,,,,,,,,,,,,,,,,,,,0.75,0.13,0.13,,,,,,,,,,Published in a refereed paper,Radial Velocity,Radial Velocity,,,,HD 40307 g,Confirmed,0.0223,0.0082,0.0082,0.0223,0.0082,0.0082,,,,197.8,5.7,9.0,0.6,0.034,0.034,0.29,0.29,0.31,,,,,2012,2014-05-21,91.2,,,,,,,,,,,,,,,,,,,,,,,,,,,,,,,,,,,,Published in a refereed paper,Radial Velocity,,,,,,,0.0,,,,,,,,,,,,,,,,,,,,,,,,,,,,,,,,,,,,,,,,,,,,,,,,,,,,,,,,,,,,,,,,,,,,,,,,,,,,,,,,,,,,,,,,,,,,,,,,,,,,,,,,,,,,,,,,,,,,,,,,,,,,,,,,,,,,,,"This is an orange (K-type) main-sequence star located in the constellation of Pictor. The star is surrounded by six known planets, three discovered in 2008 and three in 2012.","HD 40307 est une étoile orange (de type K) de la séquence principale, située dans la constellation du Peintre. L’étoile est entourée de six planètes connues, trois découvertes en 2008 et trois découvertes en 2012."
662,HD 69830,HD_69830,124.5958333,-12.6319444,5.95,,,,,12.6,,,-0.05,0.02,0.02,0.86,0.03,0.03,0.895,0.005,0.005,K0V,7.0,3.0,3.0,5385.0,20.0,20.0,IR Excess,,,HD 69830 b,Confirmed,0.1427,0.0928,Infinity,0.0321,,,,,,8.667,0.003,0.003,0.0785,,,0.1,0.04,0.04,13.0,13.0,27.0,0.00623,2006,2017-06-14,340.0,26.0,26.0,2453496.8,0.6,0.6,,,,,,,,,,,,,,,,,,,3.51,0.15,0.15,,,,,,,,,,Published in a refereed paper,Radial Velocity,Radial Velocity,,,,HD 69830 c,Confirmed,0.1649,0.1072,Infinity,0.0371,,,,,,31.56,0.04,0.04,0.186,,,0.13,0.06,0.06,13.0,13.0,27.0,0.014762,2006,2017-06-14,221.0,35.0,35.0,2453469.6,2.8,2.8,,,,,,,,,,,,,,,,,,,2.66,0.16,0.16,,,,,,,,,,Published in a refereed paper,Radial Velocity,Radial Velocity,,,,HD 69830 d,Confirmed,0.2529,0.1644,Infinity,0.0569,,,,,,197.0,3.0,3.0,0.63,,,0.07,0.07,0.07,13.0,13.0,27.0,0.05,2006,2017-06-14,224.0,61.0,61.0,2453358.0,34.0,34.0,,,,,,,,,,,,,,,,,,,,,,,,,,,,,,,Published in a refereed paper,Radial Velocity,Radial Velocity,,,,,,,,,,,,,,,,,,,,,,,,,,,,,,,,,,,,,,,,,,,,,,,,,,,,,,,,,,,,,,,,,,,,,,,,,,,,,,,,,,,,,,,,,,,,,,,,,,,,,,,,,,,,,,,,,,,,,,,,,,,,,,,,,,,,,,,,,,,,,,,,,,,,,,,,,,,,,,,,,,,,,,,,,,,,,,,,,,,,,,,,,,,,,,,,,,,,,,,,,,,,,,,,,,0.0,,,,,,,,,,,,,,,,,,,,,,,,,,,,,,,,,,,,,,,,,,,,,,,,,,,,,,,,,,,,,,,,,,,,,,,,,,,,,,,,,,,,,,,,,,,,,,,,,,,,,,,,,,,,,,,,,,,,,,,,,,,,,false,,,,,,,,,A team of European astronomers discovered that this star hosts three Neptune-mass planets using the HARPS spectrograph on ESO's 3.6-m telescope at La Silla (Chile). The star is also surrounded by an asteroid belt.,"Une équipe d’astronomes Européens ont découvert que cette étoile abrite trois planètes de type Neptune. Ils ont utilisé le spectrographe HARPS sur le télescope de 3,6 mètres de diamètre de l’ESO au Chili. L’étoile est également entourée d’une ceinture d’astéroïdes."
686,HD 82943,HD_82943,143.7083333,-12.1294444,6.54,,,,,27.46,,,0.32,,,1.18,,,1.12,,,G0,3.08,,,5874.0,,,IR Excess,,,HD 82943 b,Confirmed,14.5,,,4.8,,,,,,442.4,,,1.19,0.0,0.0,0.203,,,19.4,,,0.043336,2003,2013-09-09,107.0,,,,,,,,,,,,,,,,,,,,,,,,,,,,,,,,,,,,Published in a refereed paper,Radial Velocity,,,,,HD 82943 c,Confirmed,14.39,,,4.78,,,,,,219.3,,,0.746,0.0,0.0,0.425,,,19.4,,,0.027167,2003,2013-09-09,133.0,,,,,,,,,,,,,,,,,,,,,,,,,,,,,,,,,,,,Published in a refereed paper,Radial Velocity,,,,,HD 82943 d,Confirmed,0.29,0.031,0.031,0.29,0.031,0.031,,,,1078.0,13.0,13.0,2.145,0.017,0.017,0.0,,,,,,,2013,2013-10-30,,,,,,,,,,,,,,,,,,,,,,,,,,,,,,,,,,,,,Published in a refereed paper,Radial Velocity,,,,,,,,,,,,,,,,,,,,,,,,,,,,,,,,,,,,,,,,,,,,,,,,,,,,,,,,,,,,,,,,,,,,,,,,,,,,,,,,,,,,,,,,,,,,,,,,,,,,,,,,,,,,,,,,,,,,,,,,,,,,,,,,,,,,,,,,,,,,,,,,,,,,,,,,,,,,,,,,,,,,,,,,,,,,,,,,,,,,,,,,,,,,,,,,,,,,,,,,,,,,,,,,,,,0.0,,,,,,,,,,,,,,,,,,,,,,,,,,,,,,,,,,,,,,,,,,,,,,,,,,,,,,,,,,,,,,,,,,,,,,,,,,,,,,,,,,,,,,,,,,,,,,,,,,,,,,,,,,,,,,,,,,,,,,,,,,,,,,,,,,,,,,This system has been studied by the Keck telescope for over 10 years.,Ce système a été étudié pendant plus de 10 ans par le télescope Keck.
763,HR 8799,HR_8799,346.8708333,21.1341667,5.96,,,,,39.4,1.0,1.0,-0.47,,,1.56,,,1.5,0.3,0.3,A5V,0.06,0.03,0.03,,,,Imaging,,HD 218396,HR 8799 b,Confirmed,7.0,2.0,4.0,,,,1.2,0.1,0.1,164250.0,,,68.0,,,0.0,,,28.0,,,1.725888,2008,2015-03-13,,,,,,,,,,,,,,,,,,,,,,2047.1,,,,,,,,,,,,,,,Published in a refereed paper,Imaging,,,,"CO, CH4, H2O",HR 8799 c,Confirmed,10.0,3.0,3.0,,,,1.3,0.0,0.0,82145.0,,,42.9,,,0.0,,,28.0,,,1.088832,2008,2013-08-30,,,,,,,,,,,,,,,,,,,,,,1936.7,,,,,,,,,,,,,,,Published in a refereed paper,Imaging,,,,,HR 8799 d,Confirmed,10.0,3.0,3.0,,,,1.2,0.0,0.0,41054.0,,,27.0,,,0.1,,,28.0,,,0.685279,2008,2013-08-30,80.2,,,,,,,,,,,,,,,,,,,,,2003.7,,,,,,,,,,,,,,,Published in a refereed paper,Imaging,,,,,HR 8799 e,Confirmed,9.0,4.0,4.0,,,,,,,18000.0,0.0,0.0,14.5,0.5,0.5,,,,,,,0.36802,2010,2013-08-30,,,,,,,,,,,,,,,,,,,,,,,,,,,,,,,,,,,,,Published in a refereed paper,Imaging,,,,,,,,,,,,,,,,,,,,,,,,,,,,,,,,,,,,,,,,,,,,,,,,,,,,,,,,,,,,,,,,,,,,,,,,,,,,,,,,,,,,,,,,,,,,,,,,,,,,,,,,,,,,,,,,,,,,,,,,,,,,,,,,,,,,,,,,,,,,,,,0.0,,,,,,,,,,,,,,,,,,,,,,,,,,,,,,,,,,,,,,,,,,,,,,,,,,,,,,,,,,,,,,,,,,,,,,,,,,,,,,,,,,,,,,,,,,,,,,,,,,,,,,,,,,,,,,,,,,,,,,,,,,,,,,,,,,,,,,"This star is surrounded by a debris disk and four planets. These planets were the first exoplanets whose orbital motion was confirmed via direct imaging. ",Cette étoile est entourée d’un disque de débris et de quatre planètes. Ces planètes ont été les premières exoplanètes dont les mouvements orbitaux ont été confirmés par imagerie directe.
790,K2-3,K2_3,172.33333334,-1.454722235,12.17,10.999,9.421,8.805,8.561,42.0,2.0,2.0,-0.3,0.06,0.07,0.612,0.086,0.086,0.553,0.041,0.041,M0.0V,1.0,Infinity,,3951.0,38.0,33.0,,,EPIC 201367065,K2-3  b,Confirmed,0.026,0.0066,0.0066,0.026,0.0066,0.0066,0.194,0.03,0.03,10.05449,2.6E-4,2.6E-4,0.0775,0.0039,0.0039,0.06,0.06,0.06,89.59,0.4,0.24,,2015,2015-12-01,,,,,,,,,,2455813.4189,0.0011,0.0011,,,,,,,0.21,0.12,0.21,,,,,,,463.0,,,,,,,,,Published in a refereed paper,Primary Transit,Radial Velocity,Primary Transit,,,K2-3 c,Confirmed,0.0066,0.0041,0.0066,0.0066,0.0041,0.0066,0.165,0.024,0.024,24.64354,0.00117,0.00117,0.1405,0.0067,0.0067,0.04,0.04,0.04,89.7,0.2,0.2,,2015,2015-12-01,,,,,,,,,,2456812.2786,0.0027,0.0027,,,,,,,0.31,0.21,0.14,,,,,,,344.0,,,,,,,,,Published in a refereed paper,Primary Transit,Radial Velocity,Primary Transit,,,K2-3 d,Confirmed,0.0349,0.011,0.011,0.0349,0.011,0.011,0.135,0.021,0.021,44.5598,0.0059,0.0059,0.2086,0.01,0.01,0.045,0.045,0.045,89.79,0.15,0.15,,2015,2015-12-01,,,,,,,,,,2456826.2232,0.0037,0.0043,,,,,,,0.359,0.27,0.089,,,,,,,282.0,,,,,,,,,Published in a refereed paper,Primary Transit,Radial Velocity,Primary Transit,,,,,,,,,,,,,,,,,,,,,,,,,,,,,,,,,,,,,,,,,,,,,,,,,,,,,,,,,,,,,,,,,,,,,,,,,,,,,,,,,,,,,,,,,,,,,,,,,,,,,,,,,,,,,,,,,,,,,,,,,,,,,,,,,,,,,,,,,,,,,,,,,,,,,,,,,,,,,,,,,,,,,,,,,,,,,,,,,,,,,,,,,,,,,,,,,,,,,,,,,,,,,,,,,0.0,,,,,,,,,,,,,,,,,,,,,,,,,,,,,,,,,,,,,,,,,,,,,,,,,,,,,,,,,,,,,,,,,,,,,,,,,,,,,,,,,,,,,,,,,,,,,,,,,,,,,,,,,,,,,,,,,,,,,,,,,,,,,,,,,,,,,,This star is also known as EPIC 201367065 and can be found in the constellation Leo.,Cette étoile est également connue sous le nom EPIC 201367065 et peut être trouvée dans la constellation Leo.
984,Kepler-11,Kepler_11,297.1166667,41.9091667,13.7,,,,,,,,0.0,0.1,0.1,0.95,0.1,0.1,1.1,0.1,0.1,G,8.0,2.0,2.0,5680.0,100.0,100.0,,,,Kepler-11 b,Confirmed,0.00597803857408,0.00314633609162,0.00440487052827,,,,0.16058553053,0.00446070918139,0.00267642550883,10.30375,1.6E-4,1.6E-4,0.091,0.003,0.003,0.0,,,88.5,0.6,1.0,,2011,2014-05-27,,,,,,,,,,2454971.5052,0.0077,0.0077,,,,,,,,,,,,,,,,,,,,,,,,,Published in a refereed paper,Primary Transit,,,,,Kepler-11 c,Confirmed,0.0091243746657,0.00503413774659,0.0091243746657,,,,0.256044707012,0.00535285101767,0.004460638953,13.02502,8.0E-5,8.0E-5,0.106,0.004,0.004,0.0,,,89.0,0.6,0.1,,2011,2014-05-27,,,,,,,,,,2454971.1748,0.0031,0.0031,,,,,,,,,,,,,,,,,,,,,,,,,Published in a refereed paper,Primary Transit,,,,,Kepler-11 d,Confirmed,0.0229682534688,0.00471950413743,0.0025170688733,,,,0.278348252919,0.00624499285394,0.005352766743,22.68719,2.1E-4,2.1E-4,0.159,0.005,0.005,0.0,,,89.3,0.4,0.6,,2011,2014-05-27,,,,,,,,,,2454981.455,0.0044,0.0044,,,,,,,,,,,,,,,,,,,,,,,,,Published in a refereed paper,Primary Transit,,,,,Kepler-11 e,Confirmed,0.03,0.0066,0.0047,,,,0.374,0.008,0.006,31.9959,2.8E-4,2.8E-4,0.194,0.007,0.007,0.0,,,88.8,0.2,0.2,,2011,2014-11-21,,,,,,,,,,2454987.159,0.0037,0.0037,,,,,,,,,,,,,,,,,,,,,,,,,Published in a refereed paper,Primary Transit,,,,,Kepler-11 f,Confirmed,0.00629267218324,0.00283170248246,0.0025170688733,,,,0.222143317233,0.00624499285394,0.00356856734511,46.68876,7.4E-4,7.4E-4,0.25,0.009,0.009,0.0,,,89.4,0.2,0.3,,2011,2014-05-22,,,,,,,,,,2454964.6487,0.0059,0.0059,,,,,,,,,,,,,,,,,,,,,,,,,Published in a refereed paper,Primary Transit,,,,,Kepler-11 g,Confirmed,0.95,0.95,0.0,,,,0.3274,0.0313,0.0313,118.37774,0.00112,0.00112,0.462,0.016,0.016,0.0,,,89.8,0.2,0.2,,2011,2014-05-27,,,,,,,,,,2455120.2901,0.0022,0.0022,,,,,,,,,,,,,,,,,,,,,,,,,Published in a refereed paper,Primary Transit,,,,,,,0.0,,,,,,,,,,,,,,,,,,,,,,,,,,,,,,,,,,,,,,,,,,,,,,,,,,,,,,,,,,,,,,,,,,,,,,,,,,,,,,,,,,,,,,,,,,,,,,,,,,,,,,,,,,,,,,,,,,,,,,,,,,,,,,,,,,,,,,"This system is an unusually flat, compact solar system with lots of big planets orbiting close to the star. The closest 5 planets would all be closer than Mercury is to our Sun.","Ce système est un système inhabituellement plat et compact, avec beaucoup de grosses planètes orbitant proche de l’étoile. Les 5 planètes les plus proches sont toutes plus proches que Mercure l’est par rapport à notre Soleil."
1537,Kepler-16 (AB),Kepler_16_AB,289.075,51.7575,12.0,,,,,,,,-0.3,0.2,0.2,0.8499,0.017,0.017,0.65,0.0,0.0,K,,,,4450.0,150.0,150.0,,,,Kepler-16 (AB) b,Confirmed,0.333,0.016,0.016,,,,0.7538,0.0023,0.0023,228.776,0.037,0.037,0.7048,0.001,0.001,0.00685,0.00146,0.00146,90.0322,0.0023,0.0023,,2011,2013-08-30,318.0,22.0,22.0,,,,,,,2455212.12316,,,,,,,,,,,,,,,,,,,,,,,,,,,Published in a refereed paper,Primary Transit,,,,,,,,,,,,,,,,,,,,,,,,,,,,,,,,,,,,,,,,,,,,,,,,,,,,,,,,,,,,,,,,,,,,,,,,,,,,,,,,,,,,,,,,,,,,,,,,,,,,,,,,,,,,,,,,,,,,,,,,,,,,,,,,,,,,,,,,,,,,,,,,,,,,,,,,,,,,,,,,,,,,,,,,,,,,,,,,,,,,,,,,,,,,,,,,,,,,,,,,,,,,,,,,,,,,,,,,,,,,,,,,,,,,,,,,,,,,,,,,,,,,,,,,,,,,,,,,,,,,,,,,,,,,,,,,,,,,,,,,,,,,,,,,,,,,,,,,,,,,,,,,,,,,,,,,,,,,,,,,,,,,,,,,,,,,,,,,,,,,,,,,,,,0.0,,,,,,,,,,,,,,,,,,,,,,,,,,,,,,,,,,,,,,,,,,,,,,,,,,,,,,,,,,,,,,,,,,,,,,,,,,,,,,,,,,,,,,,,,,,,,,,,,,,,,,,,,,,,,,,,,,,,,,,,,,,,,,,,,,,,,,This is a binary star system (two bounded stars). Both stars are smaller than our Sun. The two stars complete an orbit around a common center of mass every 41 days.,C’est un sytème avec une étoile binaire (deux étoiles liées gravitationnellement). Les deux étoiles sont plus petites que notre Soleil. Les deux étoiles complètent une orbite autour de leur centre de gravité commun en 41 jours.
1632,Kepler-20,Kepler_20,287.7,42.3386111,12.5,,,,,290.0,30.0,30.0,0.02,0.04,0.04,0.912,0.035,0.035,0.944,0.095,0.095,G8,8.8,2.7,2.7,5466.0,93.0,93.0,,,,Kepler-20 b,Confirmed,0.0305,0.00453,0.00444,,,,0.1667,0.003,0.0059,3.69611525,8.7E-7,1.15E-6,0.0463,0.0015,9.0E-4,0.03,0.03,0.09,87.355,1.594,0.215,1.56E-4,2011,2016-08-26,,,,,,,,,,2454967.50201,2.17E-4,2.53E-4,,,,,,,,,,,,,4.2,0.65,0.55,,,,,,,,,,Published in a refereed paper,Primary Transit,Radial Velocity,Primary Transit,,,Kepler-20 c,Confirmed,0.04012,0.00705,0.00683,,,,0.2718,0.005,0.0057,10.85409089,2.6E-6,3.03E-6,0.0949,0.0023,0.0027,0.16,0.09,0.01,89.815,0.632,0.036,3.21E-4,2011,2016-08-26,,,,,,,,,,2454971.60795,2.02E-4,2.48E-4,,,,,,,,,,,,,3.84,0.63,0.67,,,,,,,,,,Published in a refereed paper,Primary Transit,Radial Velocity,Primary Transit,,,Kepler-20 d,Confirmed,0.03168,0.0116,0.0125,,,,0.2448,0.0049,0.0065,77.61130017,1.1588E-4,1.2305E-4,0.3506,0.0101,0.0081,0.6,Infinity,,89.708,0.053,0.165,0.001191,2011,2016-08-26,,,,,,,,,,2454997.7303,0.001577,0.001179,,,,,,,,,,,,,1.57,0.57,0.62,,,,,,,,,,Published in a refereed paper,Primary Transit,Radial Velocity,Primary Transit,,,Kepler-20 e,Confirmed,0.0097,Infinity,,,,,0.0772,0.0025,0.0023,6.09852281,1.351E-5,6.08E-6,0.0639,0.0014,0.0019,,,,87.632,0.128,1.085,1.75E-4,2011,2016-08-26,,,,,,,,,,2454968.93154,7.32E-4,0.002223,,,,,,,,,,,,,,,,,,,,,,,,,Published in a refereed paper,Primary Transit,Radial Velocity,Primary Transit,,,Kepler-20 f,Confirmed,0.045,,,,,,0.08948,0.0079,0.0045,19.57758478,1.2256E-4,9.037E-5,0.1396,0.0035,0.0036,,,,88.788,0.072,0.426,3.79E-4,2011,2016-08-26,,,,,,,,,,2454968.20706,0.004332,0.006076,,,,,,,,,,,,,,,,,,,,,,,,,Published in a refereed paper,Primary Transit,Radial Velocity,Primary Transit,,,Kepler-20 g,Confirmed,0.0628,0.0114,0.00969,0.0628,0.0114,0.00969,,,,34.94,0.035,0.038,0.2055,0.0021,0.0022,0.15,0.1,0.01,,,,,2016,2016-08-26,,,,,,,,,,2454967.50027,6.8E-4,5.8E-4,,,,,,,,,,,,,4.1,0.72,0.61,,,,,,,,,,Published in a refereed paper,Other,Theoretical,,,,,,0.0,,,,,,,,,,,,,,,,,,,,,,,,,,,,,,,,,,,,,,,,,,,,,,,,,,,,,,,,,,,,,,,,,,,,,,,,,,,,,,,,,,,,,,,,,,,,,,,,,,,,,,,,,,,,,,,,,,,,,,,,,,,,,,,,,,,,,,"The system is jam-packed with the inner five planets, all circling within a distance roughly equivalent to Mercury's orbit in our solar ","Le système est compact avec les cinq planètes internes, toutes tournoyant sur une distance à peu près équivalente à l'orbite de Mercure dans notre solaire."
1709,Kepler-27,Kepler_27,292.2375,41.0858333,,,,,,,,,0.41,0.04,0.04,0.65,0.16,0.16,0.59,0.15,0.15,,,,,5400.0,60.0,60.0,,,,Kepler-27 b,Confirmed,9.11,Infinity,,,,,0.36,,,15.3348,,,0.118,,,,,,,,,,2012,2012-01-30,,,,,,,,,,2454991.6726,,,,,,,,,,,,,,,,,,,,,,,,,,,Published in a refereed paper,Primary Transit,,,,,Kepler-27 c,Confirmed,13.8,Infinity,,,,,0.44,,,31.3309,,,0.191,,,,,,,,,,2012,2013-10-10,,,,,,,,,,2454986.4274,,,,,,,,,,,,,,,,,,,,,,,,,,,Published in a refereed paper,Primary Transit,,,,,,,,,,,,,,,,,,,,,,,,,,,,,,,,,,,,,,,,,,,,,,,,,,,,,,,,,,,,,,,,,,,,,,,,,,,,,,,,,,,,,,,,,,,,,,,,,,,,,,,,,,,,,,,,,,,,,,,,,,,,,,,,,,,,,,,,,,,,,,,,,,,,,,,,,,,,,,,,,,,,,,,,,,,,,,,,,,,,,,,,,,,,,,,,,,,,,,,,,,,,,,,,,,,,,,,,,,,,,,,,,,,,,,,,,,,,,,,,,,,,,,,,,,,,,,,,,,,,,,,,,,,,,,,,,,,,,,,0.0,,,,,,,,,,,,,,,,,,,,,,,,,,,,,,,,,,,,,,,,,,,,,,,,,,,,,,,,,,,,,,,,,,,,,,,,,,,,,,,,,,,,,,,,,,,,,,,,,,,,,,,,,,,,,,,,,,,,,,,,,,,,,,,,,,,,,,This faint star (not visible with the naked eye) has a planet orbiting in its habitable zone. However this planet Kepler-27 c is a gaseous giant.,"Ce système solaire peut être observé dans la constellation du Cygne dans l’hémisphère nord, mais il est trop peu lumineux pour être vu à l’oeil nu."
1819,Kepler-37,Kepler_37,284.059615838,44.5181622338,10.3,,,,,66.0,,,-0.32,0.07,0.07,0.803,0.068,0.068,0.77,0.026,0.026,,6.0,,,5417.0,75.0,75.0,,,"KOI-245 , KIC 8478994 , 2MASS J18561431+4431052",Kepler-37 b,Confirmed,0.00874681433471,0.011641443539,0.011641443539,,,,0.0285485387609,0.00178428367256,0.00178428367256,13.367308,8.5E-5,5.8E-5,0.1003,0.0011,8.0E-4,,,,88.63,0.53,0.3,,2013,2015-11-23,,,,,,,,,,2455017.03271,8.9E-4,3.4E-4,,,,,,,,,,,,,,,,,,,,,,,,,Published in a refereed paper,Primary Transit,,,,,Kepler-37 c,Confirmed,0.0314633609162,,,,,,0.0669106377208,0.00267642550883,0.00267642550883,21.301886,4.4E-5,4.6E-5,0.1368,0.0014,0.0011,,,,89.07,0.33,0.19,,2013,2015-11-23,,,,,,,,,,2455024.83816,7.8E-4,3.6E-4,,,,,,,,,,,,,,,,,,,,,,,,,Published in a refereed paper,Primary Transit,,,,,Kepler-37 d,Confirmed,0.0383853003178,,,,,,0.173075516238,0.00535285101767,0.00535285101767,39.792187,4.3E-5,4.0E-5,0.2076,0.0022,0.0016,,,,89.335,0.047,0.043,,2013,2015-11-23,,,,,,,,,,2455008.24979,4.9E-4,4.3E-4,,,,,,,,,,,,,,,,,,,,,,,,,Published in a refereed paper,Primary Transit,,,,,,,,,,,,,,,,,,,,,,,,,,,,,,,,,,,,,,,,,,,,,,,,,,,,,,,,,,,,,,,,,,,,,,,,,,,,,,,,,,,,,,,,,,,,,,,,,,,,,,,,,,,,,,,,,,,,,,,,,,,,,,,,,,,,,,,,,,,,,,,,,,,,,,,,,,,,,,,,,,,,,,,,,,,,,,,,,,,,,,,,,,,,,,,,,,,,,,,,,,,,,,,,,,,0.0,,,,,,,,,,,,,,,,,,,,,,,,,,,,,,,,,,,,,,,,,,,,,,,,,,,,,,,,,,,,,,,,,,,,,,,,,,,,,,,,,,,,,,,,,,,,,,,,,,,,,,,,,,,,,,,,,,,,,,,,,,,,,,,,,,,,,,It is located in the constellation Lyra.,Le système est situé dans la constellation de la Lyre.
2011,Kepler-56,Kepler_56,293.7583,41.8719,13.0,,,,,,,,0.2,0.16,0.16,1.32,0.13,0.13,4.23,0.15,0.15,,3.5,1.3,1.3,4840.0,97.0,97.0,,,,Kepler-56 b,Confirmed,0.07,0.012,0.012,0.0944,0.02,0.02,0.58,0.03,0.03,10.5016,0.0011,0.0011,0.1028,0.0037,0.0037,0.04,0.01,0.01,83.84,0.26,0.26,,2012,2016-08-15,,,,,,,,,,2454968.55893,0.0088,0.0088,,,,,,,,,,,,,,,,,,,,,,,,,Published in a refereed paper,Primary Transit,,,,,Kepler-56 c,Confirmed,0.569,0.07,0.07,0.614,0.044,0.044,0.88,0.04,0.04,21.40239,6.2E-4,6.2E-4,0.1652,0.0059,0.0059,0.0,0.01,0.01,84.02,0.09,0.09,,2012,2016-08-15,,,,,,,,,,2454978.656,0.0057,0.0057,,,,,,,,,,,,,,,,,,,,,,,,,Published in a refereed paper,Primary Transit,,,,,Kepler-56 d,Confirmed,5.61,0.38,0.38,5.61,0.38,0.38,,,,1002.0,5.0,5.0,2.0,,,0.2,0.01,0.01,,,,,2013,2016-08-15,,,,,,,,,,2456450.0,7.0,7.0,,,,,,,,,,,,,,,,,,,,,,,,,Published in a refereed paper,Radial Velocity,,,,,,,,,,,,,,,,,,,,,,,,,,,,,,,,,,,,,,,,,,,,,,,,,,,,,,,,,,,,,,,,,,,,,,,,,,,,,,,,,,,,,,,,,,,,,,,,,,,,,,,,,,,,,,,,,,,,,,,,,,,,,,,,,,,,,,,,,,,,,,,,,,,,,,,,,,,,,,,,,,,,,,,,,,,,,,,,,,,,,,,,,,,,,,,,,,,,,,,,,,,,,,,,,,,0.0,,,,,,,,,,,,,,,,,,,,,,,,,,,,,,,,,,,,,,,,,,,,,,,,,,,,,,,,,,,,,,,,,,,,,,,,,,,,,,,,,,,,,,,,,,,,,,,,,,,,,,,,,,,,,,,,,,,,,,,,,,,,,,,,,,,,,,"Kepler-56 is growing to become a red giant, just like our Sun will. It is already 4 times larger than our Sun although it is only 1.3 times the mass. Some astronomers think there might be an extra planet further out in the system.","Kepler-56 est une étoile en train d’évoluer en géante rouge, tout comme notre Soleil évoluera dans le futur. Ainsi, elle est déjà 4 fois plus grosse que le Soleil alors que sa masse est très proche de celle du Soleil (1,3x plus massive). Des astronomes pensent qu’il y a une planète supplémentaire à confirmer un peu plus à l’extérieur du système."
2078,Kepler-62,Kepler_62,283.2125,45.3499,14.0,,,,,,,,-0.21,,,0.69,0.02,0.02,0.63,0.02,0.02,K2V,,,,4869.0,,,,,,Kepler-62 b,Confirmed,0.028,0.028,0.0,,,,0.117,0.0036,0.0036,5.714932,9.0E-6,9.0E-6,0.0553,5.0E-4,5.0E-4,,,,89.2,0.4,0.4,,2013,2014-05-22,,,,,,,,,,2455003.9189,9.0E-4,9.0E-4,,,,,,,,,,,,,,,,,,,,,,,,,Published in a refereed paper,Primary Transit,,,,,Kepler-62 c,Confirmed,0.0126,0.0126,0.0,,,,0.048,0.0027,0.0027,12.4417,1.0E-4,1.0E-4,0.0929,9.0E-4,9.0E-4,,,,89.7,0.2,0.2,,2013,2014-05-22,,,,,,,,,,2454967.651,0.008,0.008,,,,,,,,,,,,,,,,,,,,,,,,,Published in a refereed paper,Primary Transit,,,,,Kepler-62 d,Confirmed,0.044,0.044,0.0,,,,0.174,0.0063,0.0063,18.16406,2.0E-5,2.0E-5,0.12,0.001,0.001,,,,89.7,0.3,0.3,,2013,2014-05-22,,,,,,,,,,2455013.8117,8.0E-4,8.0E-4,,,,,,,,,,,,,,,,,,,,,,,,,Published in a refereed paper,Primary Transit,,,,,Kepler-62 e,Confirmed,0.113,0.113,0.0,,,,0.144,0.0045,0.0045,122.3874,8.0E-4,8.0E-4,0.427,0.004,0.004,,,,89.98,0.02,0.02,,2013,2014-05-22,,,,,,,,,,2454983.404,0.003,0.003,,,,,,,,,,,,,,,,,,,,,,,,,Published in a refereed paper,Primary Transit,,,,,Kepler-62 f,Confirmed,0.11,0.11,0.0,,,,0.126,0.0063,0.0063,267.291,0.005,0.005,0.718,0.007,0.007,,,,89.9,0.03,0.03,,2013,2014-05-22,,,,,,,,,,2455412.71,6.0E-4,6.0E-4,,,,,,,,,,,,,,,,,,,,,,,,,Published in a refereed paper,Primary Transit,,,,,,,,,,,,,,,,,,,,,,,,,,,,,,,,,,,,,,,,,,,,,,,,,,,,,,,,,,,,,,,,,,,,,,,,,,,0.0,,,,,,,,,,,,,,,,,,,,,,,,,,,,,,,,,,,,,,,,,,,,,,,,,,,,,,,,,,,,,,,,,,,,,,,,,,,,,,,,,,,,,,,,,,,,,,,,,,,,,,,,,,,,,,,,,,,,,,,,,,,,,,,,,,,,,,"This system has 2 planets in the habitable zone. Kepler-62 is a K2 dwarf star 2/3rds size of the sun and 1/5th as bright. At 7 billion years, it is older than our Sun. ","Ce système a 2 planètes dans la zone habitable. Kepler-62 est une étoile naine K2, de deux tiers de la taille du Soleil et de 1/5ème de sa luminosité. Agée de 7 milliards d’années, elle est plus vieille que le Soleil."
2262,Kepler-79,Kepler_79,300.51712,44.38158,14.11,,,,,,,,,,,1.165,0.045,0.044,1.302,0.027,0.026,,3.44,0.91,0.6,6174.0,117.0,83.0,,,KOI-152,Kepler-79 b,Confirmed,0.034285,0.018872,0.023276,,,,0.309568,0.006245,0.006245,13.4845,2.0E-4,2.0E-4,0.117,0.002,0.002,0.015,0.006,0.012,88.78,0.09,0.07,,2013,2014-05-28,,,,,,,,,,,,,,,,,,,,,,,,,,,,868.0,,,,,,,,,Announced on a website,Primary Transit,,,,,Kepler-79 c,Confirmed,0.018558,0.007234,0.005976,,,,0.332,0.007,0.007,27.4029,6.0E-4,8.0E-4,0.187,0.003,0.002,0.03,0.021,0.027,89.48,0.09,0.07,,2013,2014-05-28,,,,,,,,,,,,,,,,,,,,,,,,,,,,685.0,,,,,,,,,Published in a refereed paper,Primary Transit,,,,,Kepler-79 d,Confirmed,0.018872,0.005033,0.006605,,,,0.64,0.012,0.012,52.0902,0.001,0.001,0.287,0.004,0.004,0.025,0.023,0.059,89.93,0.03,0.07,,2013,2014-05-28,,,,,,,,,,,,,,,,,,,,,,,,,,,,553.0,,,,,,,,,Announced on a website,Primary Transit,,,,,Kepler-79 e,Confirmed,0.0129,0.0034,0.0037,,,,0.312,0.1,0.1,81.0659,0.0013,0.0013,0.386,0.005,0.005,0.012,0.005,0.044,89.13,0.02,0.02,,2013,2014-05-28,,,,,,,,,,,,,,,,,,,,,,,,,,,,477.0,,,,,,,,,Announced on a website,Primary Transit,,,,,,,,,,,,,,,,,,,,,,,,,,,,,,,,,,,,,,,,,,,,,,,,,,,,,,,,,,,,,,,,,,,,,,,,,,,,,,,,,,,,,,,,,,,,,,,,,,,,,,,,,,,,,,,,,,,,,,,,,,,,,,,,,,,,,,,,,,,,,,,0.0,,,,,,,,,,,,,,,,,,,,,,,,,,,,,,,,,,,,,,,,,,,,,,,,,,,,,,,,,,,,,,,,,,,,,,,,,,,,,,,,,,,,,,,,,,,,,,,,,,,,,,,,,,,,,,,,,,,,,,,,,,,,,,,,,,,,,false,The star is only 1.3 times bigger than our Sun.,L’étoile Kepler 79 est seulement 1.3 fois plus grosse que le Soleil.
2382,Kepler-9,Kepler_9,285.575,38.4008333,13.9,,,,,,,,0.17,,,1.0,0.1,0.1,1.1,0.09,0.09,,3.0,1.0,1.0,5722.0,,,,,,Kepler-9 b,Confirmed,0.141899757732,0.00471950413743,0.00471950413743,,,,0.990277438268,0.00892141836278,0.00892141836278,19.22418,7.0E-5,7.0E-5,0.143,0.001,0.001,0.0626,0.001,0.001,87.1,0.7,0.7,,2010,2017-12-19,356.9,0.5,0.5,,,,,,,2455073.43381,5.2E-4,5.2E-4,,,,347.0,16.0,16.0,,,,,,,,,,,,,,,,,,,Published in a refereed paper,Primary Transit,,,,,Kepler-9 c,Confirmed,0.0975364188403,0.00314633609162,0.00314633609162,,,,0.954591764817,0.00892141836278,0.00892141836278,39.03106,2.0E-4,2.0E-4,0.229,0.002,0.002,0.0684,2.0E-4,2.0E-4,87.2,0.7,0.7,,2010,2014-08-16,169.3,0.2,0.2,,,,,,,2455164.18301,7.4E-4,7.4E-4,,,,,,,,,,,,,,,,,,,,,,,,,Published in a refereed paper,Primary Transit,,,,,Kepler-9 d,Confirmed,0.016518264481,0.00550608816034,0.00550608816034,,,,0.178428367256,0.00446070918139,0.00446070918139,1.592851,4.5E-5,4.5E-5,0.0273,4.3E-4,4.2E-4,,,,,,,,2010,2014-04-19,,,,,,,,,,2455015.094,0.0033,0.0033,,,,,,,,,,,,,,,,,,,,,,,,,Published in a refereed paper,Primary Transit,,,,,,,,,,,,,,,,,,,,,,,,,,,,,,,,,,,,,,,,,,,,,,,,,,,,,,,,,,,,,,,,,,,,,,,,,,,,,,,,,,,,,,,,,,,,,,,,,,,,,,,,,,,,,,,,,,,,,,,,,,,,,,,,,,,,,,,,,,,,,,,,,,,,,,,,,,,,,,,,,,,,,,,,,,,,,,,,,,,,,,,,,,,,,,,,,,,,,,,,,,,,,,,,,,,0.0,,,,,,,,,,,,,,,,,,,,,,,,,,,,,,,,,,,,,,,,,,,,,,,,,,,,,,,,,,,,,,,,,,,,,,,,,,,,,,,,,,,,,,,,,,,,,,,,,,,,,,,,,,,,,,,,,,,,,,,,,,,,,,,,,,,,,,The first system showing multiple transiting planets. The star’s properties are similar to our Sun. Planets c and b are affected by a 2:1 mean motion resonance.,Le premier système montrant de multiples transits de planètes. Les propriétés de l’étoile sont similaires à celles du Soleil. Les planètes c et b sont affectés d’une résonance 2:1 sur leurs orbites moyennes.
2587,PSR 1257 12,PSR_1257_12,195.0166667,12.6822222,,,,,,710.0,40.0,40.0,,,,,,,,,,,1.0,0.0,0.0,,,,,,,PSR 1257 12 b,Confirmed,7.0E-5,,,,,,,,,25.262,0.003,0.003,0.19,,,0.0,,,,,,3.8E-4,1992,2014-02-25,360.0,,,2449765.1,0.3,0.3,,,,,,,,,,,,,,,,49765.1,0.2,0.2,,,,,,,,,,,,,Published in a refereed paper,Pulsar,,,,,PSR 1257 12 c,Confirmed,0.013,,,,,,,,,66.5419,1.0E-4,1.0E-4,0.36,,,0.0186,2.0E-4,2.0E-4,53.0,4.0,4.0,7.2E-4,1992,2014-02-25,250.4,6.0,6.0,2449768.1,0.1,0.1,,,,,,,,,,,,,,,,49768.1,0.1,0.1,,,,,,,,,,,,,Published in a refereed paper,Pulsar,,,,,PSR 1257 12 d,Confirmed,0.012,6.0E-4,6.0E-4,,,,,,,98.2114,2.0E-4,2.0E-4,0.46,,,0.0252,2.0E-4,2.0E-4,47.0,3.0,3.0,9.2E-4,1992,2014-02-25,108.3,5.0,5.0,2449765.5,0.1,0.1,,,,,,,,,,,,,,,,49766.5,0.1,0.1,,,,,,,,,,,,,Published in a refereed paper,Pulsar,,,,,,,,,,,,,,,,,,,,,,,,,,,,,,,,,,,,,,,,,,,,,,,,,,,,,,,,,,,,,,,,,,,,,,,,,,,,,,,,,,,,,,,,,,,,,,,,,,,,,,,,,,,,,,,,,,,,,,,,,,,,,,,,,,,,,,,,,,,,,,,,,,,,,,,,,,,,,,,,,,,,,,,,,,,,,,,,,,,,,,,,,,,,,,,,,,,,,,,,,,,,,,,,,,,0.0,,,,,,,,,,,,,,,,,,,,,,,,,,,,,,,,,,,,,,,,,,,,,,,,,,,,,,,,,,,,,,,,,,,,,,,,,,,,,,,,,,,,,,,,,,,,,,,,,,,,,,,,,,,,,,,,,,,,,,,,,,,,,,,,,,,,,,This star is a pulsar - which means it is a compacting rotating star emitting a powerful beam of radiation. The exoplanets around this star were both the first extrasolar planets and the first pulsar planets to be discovered (1992-1994),Cette étoile est un pulsar. C’est  une étoile compacte en rotation rapide émettant un puissant jet de radiation. On peut découvrir des planètes en analysant la fréquence des pulsations. Les deux exoplanètes autour de cette étoile sont les deux toutes premières exoplanètes découvertes (en 1992 et 1994).
2621,TRAPPIST-1,TRAPPIST_1,346.620833343,-5.041388896,18.8,,,,,12.1,0.4,0.4,0.04,0.08,0.08,0.08,0.009,0.009,0.117,0.004,0.004,M8,0.5,,,2550.0,55.0,55.0,,,2MASS J23062928-0502285,TRAPPIST-1 b,Confirmed,0.0027,0.0023,0.0023,,,,0.09689,3.1E-4,3.1E-4,1.51087081,6.0E-5,6.0E-5,0.01111,3.4E-4,3.4E-4,0.0,0.0,0.081,89.65,0.27,0.27,,2016,2017-09-01,,,,,,,,,,2457322.51736,1.0E-4,1.0E-4,,,,,,,0.126,0.078,0.092,,,,,,,400.1,7.7,7.7,,,,,,,Published in a refereed paper,Primary Transit,TTV,Primary Transit,,H2O,TRAPPIST-1 c,Confirmed,0.00434,0.0019,0.0019,,,,0.09421,3.1E-4,3.1E-4,2.4218233,1.7E-6,1.7E-6,0.01521,4.7E-4,4.7E-4,0.0,0.0,0.083,89.67,0.17,0.17,,2016,2017-09-01,,,,,,,,,,2457282.80728,1.9E-4,1.9E-4,,,,,,,0.161,0.084,0.076,,,,,,,341.9,6.6,6.6,,,,,,,Published in a refereed paper,Primary Transit,TTV,Primary Transit,,H2O,TRAPPIST-1 d,Confirmed,0.0013,8.5E-4,8.5E-4,,,,0.0689,0.0027,0.0027,4.04961,6.3E-5,6.3E-5,0.02144,6.3E-4,6.6E-4,0.0,0.0,0.7,89.75,0.16,0.16,,2016,2017-09-01,,,,,,,,,,2457670.14165,3.5E-4,3.5E-4,,,,,,,0.17,0.11,0.11,,,,,,,288.0,5.6,5.6,,,,,,,Published in a refereed paper,Primary Transit,TTV,Primary Transit,,H2O,TRAPPIST-1 e,Confirmed,0.002,0.0018,0.0018,,,,0.0819,0.0035,0.0035,6.099615,1.1E-5,1.1E-5,0.02817,8.7E-4,8.3E-4,0.0,0.085,0.085,89.86,0.12,0.1,,2017,2017-09-01,,,,,,,,,,2457660.37859,3.8E-4,3.8E-4,,,,,,,0.12,0.09,0.11,,,,,,,251.3,4.9,4.9,,,,,,,Published in a refereed paper,Primary Transit,TTV,Primary Transit,2MASS J23062928-0502285 e,H2O,TRAPPIST-1 f,Confirmed,0.0021,5.7E-4,5.7E-4,,,,0.09323,0.0034,0.0034,9.20669,1.5E-5,1.5E-5,0.0371,0.0011,0.0011,0.0,0.0,0.063,89.68,0.034,0.034,,2017,2017-09-01,,,,,,,,,,2457671.39767,2.3E-4,2.3E-4,,,,,,,0.382,0.035,0.035,,,,,,,219.0,4.2,4.2,,,,,,,Published in a refereed paper,Primary Transit,TTV,Primary Transit,,H2O,TRAPPIST-1 g,Confirmed,0.00422,0.0028,0.0028,,,,0.1005,0.0037,0.0037,12.35294,1.2E-4,1.2E-4,0.0451,0.0014,0.0014,0.0,0.0,0.061,89.71,0.025,0.025,,2017,2017-09-01,,,,,,,,,,2457665.34937,2.1E-4,2.1E-4,,,,,,,0.421,0.031,0.031,,,,,,,198.6,3.8,3.8,,,,,,,Published in a refereed paper,Primary Transit,TTV,Primary Transit,,H2O,TRAPPIST-1 h,Confirmed,0.00141,,,,,,0.0674,0.003,0.003,20.0,6.0,15.0,0.063,0.013,0.027,,,,89.8,0.05,0.1,,2017,2017-09-01,,,,,,,,,,2457662.55463,5.6E-4,5.6E-4,,,,,,,0.45,0.29,0.22,,,,,,,168.0,28.0,21.0,,,,,,,Published in a refereed paper,Primary Transit,,Primary Transit,,H2O,,,false,false,,,,,,,,,,,,,,,,,,,,,,,,,,,,,,,,,,,,,,,,,,,,,,,,,,,,,,,,,,,,,,,,,The ultracool dwarf star known as TRAPPIST-1 has 7 Earth-sized planets orbiting around it (discovered in 2016). Three of the planets lie in the habitable zone and could harbour oceans of water on their surfaces. This system has the largest number of known worlds that could support liquid water on their surfaces.,"Cette étoile naine ultra-froide connue sous le nom de TRAPPIST-1 a 7 planètes de taille terrestre orbitant autour d’elle. Découvert en 2016, ce système a le plus grand nombre connu de mondes qui pourraient abriter de l’eau liquide à leur surface. En effet, 4 des 7 planètes se trouvent dans la zone habitable de l’étoile."
2667,WASP-12,WASP_12,97.6375,29.6722222,11.69,11.03,10.48,10.23,10.19,427.0,90.0,90.0,0.3,0.1,0.1,1.35,0.14,0.14,1.599,0.071,0.071,G0,1.7,0.8,0.8,6300.0,150.0,150.0,,,,WASP-12 b,Confirmed,1.404,0.099,0.099,,,,1.736,0.092,0.092,1.0914222,1.1E-6,1.1E-6,0.02293,7.8E-4,7.8E-4,0.0,0.01,0.01,86.0,3.0,3.0,5.4E-5,2008,2018-05-29,,,,,,,,,,2454508.97605,2.8E-4,2.8E-4,,,,,,,,,,,,,,,,,,,,,,,,,Announced on a professional conference,Primary Transit,,,,"CO2, TiO, C, O I, He, CO, CH4, VO, H2, HCN, H2O",,,,,,,,,,,,,,,,,,,,,,,,,,,,,,,,,,,,,,,,,,,,,,,,,,,,,,,,,,,,,,,,,,,,,,,,,,,,,,,,,,,,,,,,,,,,,,,,,,,,,,,,,,,,,,,,,,,,,,,,,,,,,,,,,,,,,,,,,,,,,,,,,,,,,,,,,,,,,,,,,,,,,,,,,,,,,,,,,,,,,,,,,,,,,,,,,,,,,,,,,,,,,,,,,,,,,,,,,,,,,,,,,,,,,,,,,,,,,,,,,,,,,,,,,,,,,,,,,,,,,,,,,,,,,,,,,,,,,,,,,,,,,,,,,,,,,,,,,,,,,,,,,,,,,,,,,,,,,,,,,,,,,,,,,,,,,,,,,,,,,,,0.0,,,,,,,,,,,,,,,,,,,,,,,,,,,,,,,,,,,,,,,,,,,,,,,,,,,,,,,,,,,,,,,,,,,,,,,,,,,,,,,,,,,,,,,,,,,,,,,,,,,,,,,,,,,,,,,,,,,,,,,,,,,,,,,,,,,,,,This giant gas-cloud planet WASP-12b is so close to its sun it is extremely hot (more than 2000 Â°C) and is being pulled apart as it falls into the sun.,
2735,WASP-47,WASP_47,331.2041667,-12.0188889,11.9,,,,,200.0,30.0,30.0,0.18,0.07,0.07,1.11,0.49,0.39,1.16,0.26,0.26,G9V,,,,5400.0,100.0,100.0,,,,WASP-47 b,Confirmed,1.13,0.038,0.038,,,,1.17,0.079,0.079,4.15912,1.0E-5,1.0E-5,0.052,0.011,0.011,0.0028,0.0028,0.0028,89.02,0.17,0.17,2.6E-4,2011,2016-12-16,51.0,82.0,82.0,2455764.3463,2.0E-4,2.0E-4,,,,2456982.97823,3.2E-4,3.2E-4,,,,,,,0.13,0.08,0.05,,,,142.0,1.7,1.7,1275.0,,,,,,,,,Published in a refereed paper,Primary Transit,Radial Velocity,Primary Transit,,,WASP-47 c,Confirmed,1.31,0.05,0.72,1.31,0.05,0.05,,,,596.0,2.0,2.0,1.41,0.3,0.3,0.28,0.02,0.02,87.0,45.0,45.0,,2015,2016-12-16,138.0,8.0,8.0,2455981.0,16.0,16.0,,,,,,,,,,,,,,,,,,,29.4,6.1,6.1,247.0,,,,,,,,,Published in a refereed paper,Radial Velocity,Radial Velocity,,,,WASP-47 d,Confirmed,0.0428,0.0063,0.0063,,,,0.331,0.023,0.023,9.0304,3.0E-4,3.0E-4,0.088,0.019,0.019,0.007,0.007,0.007,89.22,0.13,0.13,,2015,2016-12-16,76.0,106.0,106.0,,,,,,,2456988.375,0.014,0.014,,,,,,,0.152,0.051,0.051,,,,4.77,0.81,0.81,,,,,,,,,,Published in a refereed paper,"Primary Transit, TTV",Radial Velocity,Primary Transit,,,WASP-47 e,Confirmed,0.029,0.0031,0.0031,,,,0.167,0.012,0.012,0.78961,1.0E-5,1.0E-5,0.0173,0.0038,0.0038,0.03,0.02,0.02,86.2,2.1,2.1,,2015,2016-12-16,81.0,146.0,146.0,,,,,,,2456979.76455,9.4E-4,9.4E-4,,,,,,,0.188,0.049,0.049,,,,6.1,1.9,1.9,,,,,,,,,,Published in a refereed paper,"Primary Transit, TTV",Radial Velocity,Primary Transit,,,,,,,,,,,,,,,,,,,,,,,,,,,,,,,,,,,,,,,,,,,,,,,,,,,,,,,,,,,,,,,,,,,,,,,,,,,,,,,,,,,,,,,,,,,,,,,,,,,,,,,,,,,,,,,,,,,,,,,,,,,,,,,,,,,,,,,,,,,,,0.0,,,,,,,,,,,,,,,,,,,,,,,,,,,,,,,,,,,,,,,,,,,,,,,,,,,,,,,,,,,,,,,,,,,,,,,,,,,,,,,,,,,,,,,,,,,,,,,,,,,,,,,,,,,,,,,,,,,,,,,,,,,,,,,,,,,,,,This system shows similarities to our own solar system – orbits are nearly circular and co-planar and may have formed in the same way.,"Ce système présente des similarités avec notre propre Système Solaire. Les orbites sont presque circulaires, les planètes sont dans le même plan, et elles sont de composition variées suggérant un modèle de formation similaire à celui de notre Système Solaire."
2802,Wolf 1061,Wolf_1061,247.575241798,-12.6625898008,10.07,,,,5.075,4.29,,,-0.09,0.09,0.09,0.25,,,0.307,0.027,0.027,M3V,,,,3342.0,49.0,49.0,,,GJ 628,Wolf 1061 b,Confirmed,0.00601,7.9E-4,8.2E-4,0.00601,7.9E-4,8.2E-4,,,,4.8869,5.0E-4,5.0E-4,0.0375,0.0013,0.0012,0.15,0.1,0.13,,,,,2015,2017-06-30,,,,,,,,,,,,,,,,,,,,,,,,,1.67,0.19,0.2,,,,,,,,,,Published in a refereed paper,Radial Velocity,Radial Velocity,,GJ 628 b,,Wolf 1061 c,Confirmed,0.0107,0.0013,0.0014,0.0107,0.0013,0.0014,,,,17.8719,0.0059,0.0059,0.089,0.0031,0.0029,0.11,0.07,0.1,,,,,2015,2017-06-30,37.0,47.0,47.0,,,,,,,,,,,,,,,,,,,,,,1.92,0.19,0.19,,,,,,,,,,Published in a refereed paper,Radial Velocity,Radial Velocity,,GJ 628 c,,Wolf 1061 d,Confirmed,0.0242,0.00334,0.00352,0.0242,0.00334,0.00352,,,,217.21,0.52,0.55,0.47,0.017,0.0015,0.55,0.09,0.08,,,,,2015,2017-06-30,102.0,70.0,70.0,,,,,,,,,,,,,,,,,,,,,,2.23,0.29,0.31,,,,,,,,,,Published in a refereed paper,Radial Velocity,Radial Velocity,,GJ 628 d,,,,,,,,,,,,,,,,,,,,,,,,,,,,,,,,,,,,,,,,,,,,,,,,,,,,,,,,,,,,,,,,,,,,,,,,,,,,,,,,,,,,,,,,,,,,,,,,,,,,,,,,,,,,,,,,,,,,,,,,,,,,,,,,,,,,,,,,,,,,,,,,,,,,,,,,,,,,,,,,,,,,,,,,,,,,,,,,,,,,,,,,,,,,,,,,,,,,,,,,,,,,,,,,0.0,,,,,,,,,,,,,,,,,,,,,,,,,,,,,,,,,,,,,,,,,,,,,,,,,,,,,,,,,,,,,,,,,,,,,,,,,,,,,,,,,,,,,,,,,,,,,,,,,,,,,,,,,,,,,,,,,,,,,,,,,,,,,,,,,,,,,,It is so close that it gives other opportunities to study to see if it has life. It hosts three super-earths.,Ce système est si proche qu’il donne de nouvelles opportunités pour étudier s’il abrite de la vie. Il est composé de trois super-terres.
2814,YZ Cet,YZ_Cet,18.1270833435,-16.998888921,12.074,,,,6.42,3.6,,,-0.26,0.08,0.08,0.13,0.013,0.013,0.168,0.009,0.009,M4.5,4.0,0.6,0.6,3056.0,60.0,60.0,,,,YZ Cet b,Confirmed,0.0024,4.1E-4,4.1E-4,0.0024,4.1E-4,4.1E-4,,,,1.96876,2.1E-4,2.1E-4,0.01557,5.2E-4,5.2E-4,0.0,0.0,0.12,,,,,2017,2017-08-15,,,,,,,2456846.911,0.095,0.095,,,,,,,,,,,,,,,,1.48,0.25,0.25,,,,,,,,,,Published in a refereed paper,Radial Velocity,Radial Velocity,,,,YZ Cet c,Confirmed,0.0031,4.4E-4,4.4E-4,0.0031,4.4E-4,4.4E-4,,,,3.06008,2.2E-4,2.2E-4,0.0209,7.0E-4,7.0E-4,0.04,0.04,0.11,,,,,2017,2017-08-15,,,,,,,2456847.05,0.14,0.14,,,,,,,,,,,,,,,,1.68,0.23,0.23,,,,,,,,,,Published in a refereed paper,Radial Velocity,Radial Velocity,,,,YZ Cet d,Confirmed,0.00359,5.3E-4,5.3E-4,0.00359,5.3E-4,5.3E-4,,,,4.65627,4.2E-4,4.2E-4,0.02764,9.3E-4,9.3E-4,0.129,0.096,0.096,,,,,2017,2017-08-15,,,,,,,2456847.44,0.16,0.16,,,,,,,,,,,,,,,,,,,,,,,,,,,,Published in a refereed paper,Radial Velocity,Radial Velocity,,"GJ 54.1, HIP 5643",,,,,,,,,,,,,,,,,,,,,,,,,,,,,,,,,,,,,,,,,,,,,,,,,,,,,,,,,,,,,,,,,,,,,,,,,,,,,,,,,,,,,,,,,,,,,,,,,,,,,,,,,,,,,,,,,,,,,,,,,,,,,,,,,,,,,,,,,,,,,,,,,,,,,,,,,,,,,,,,,,,,,,,,,,,,,,,,,,,,,,,,,,,,,,,,,,,,,,,,,,,,,,,,0.0,,,,,,,,,,,,,,,,,,,,,,,,,,,,,,,,,,,,,,,,,,,,,,,,,,,,,,,,,,,,,,,,,,,,,,,,,,,,,,,,,,,,,,,,,,,,,,,,,,,,,,,,,,,,,,,,,,,,,,,,,,,,,,,,,,,,,,YZ Cet is the 23rd closest star to our Sun but it is too faint to bee seen with the naked eye. This star shows occasional rapid and brief increases in brightness caused by eruptions from the surface.,"YZ Cet est la 23ème plus proche étoile du Soleil, mais elle est trop peu lumineuse pour être observée à l’oeil nu. Cette étoile présente occasionnellement des rapides et brefs sursauts lumineux causés par des éruptions solaires à sa surface."
2840,tau Cet,tau_Cet,26.0167,-15.9375,3.5,,,,,3.65,0.002,0.002,-0.55,0.05,0.05,0.783,0.012,0.012,0.793,0.004,0.004,G8.5 V,5.8,,,5344.0,50.0,50.0,Imaging,,,tau Cet e,Confirmed,0.0124,0.002,0.0026,0.0124,0.002,0.0026,,,,162.87,0.46,1.08,0.538,0.006,0.006,0.18,0.14,0.18,,,,,2012,2017-08-15,22.0,46.0,75.0,,,,,,,,,,,,,,,,,,,,,,0.55,0.09,0.13,,,,,,,,,,Published in a refereed paper,Radial Velocity,Radial Velocity,,HD 10700 e,,tau Cet f,Confirmed,0.0124,0.00431,0.0033,0.0124,0.00431,0.0033,,,,636.13,47.69,11.7,1.334,0.044,0.017,0.16,0.16,0.07,,,,,2012,2017-08-15,120.0,70.5,41.2,,,,,,,,,,,,,,,,,,,,,,0.35,0.12,0.1,,,,,,,,,,Published in a refereed paper,Radial Velocity,Radial Velocity,,HD 10700 f,,tau Cet g,Confirmed,0.00551,0.0013,7.9E-4,0.00551,0.0013,7.9E-4,,,,20.0,0.01,0.02,0.133,0.002,0.001,0.06,0.0,0.013,,,,,2017,2017-08-15,35.0,84.8,36.1,,,,,,,,,,,,,,,,,,,,,,0.49,0.11,0.07,,,,,,,,,,Published in a refereed paper,Radial Velocity,Radial Velocity,,,,tau Cet h,Confirmed,0.00576,8.2E-4,0.0021,0.00576,8.2E-4,0.0021,,,,49.41,0.1,0.08,0.243,0.003,0.003,0.23,0.15,0.16,,,,,2017,2017-08-15,7.4,48.0,37.0,,,,,,,,,,,,,,,,,,,,,,0.39,0.06,0.15,,,,,,,,,,Published in a refereed paper,Radial Velocity,,,,,,,,,,,,,,,,,,,,,,,,,,,,,,,,,,,,,,,,,,,,,,,,,,,,,,,,,,,,,,,,,,,,,,,,,,,,,,,,,,,,,,,,,,,,,,,,,,,,,,,,,,,,,,,,,,,,,,,,,,,,,,,,,,,,,,,,,,,,,,,0.0,,,,,,,,,,,,,,,,,,,,,,,,,,,,,,,,,,,,,,,,,,,,,,,,,,,,,,,,,,,,,,,,,,,,,,,,,,,,,,,,,,,,,,,,,,,,,,,,,,,,,,,,,,,,,,,,,,,,,,,,,,,,,,,,,,,,,,This star is spectrally similar to our Sun and it is the closest solitary such star (G-star) to our Sun.,Cette étoile est l’étoile solitaire de type G la plus proche de nous. Le même type d’étoile que le Soleil.
